{
  "question1": 8.333333333333332,
  "question2": 40,
  "question3": 6.666666666666667,
  "question4": 10,
  "question5": 15,
  "question6": 20,
  "total": 60
}